<?xml version="1.0" encoding="UTF-8"?>
<jcr:root xmlns:sling="http://sling.apache.org/jcr/sling/1.0" xmlns:cq="http://www.day.com/jcr/cq/1.0" xmlns:jcr="http://www.jcp.org/jcr/1.0"
    jcr:primaryType="nt:unstructured">
    <components jcr:primaryType="nt:unstructured">
        <commerce jcr:primaryType="nt:unstructured">
            <productlist jcr:primaryType="nt:unstructured">
                <default
                    cq:styleDefaultClasses="category__style_grid"
                    jcr:lastModified="{Date}2019-04-01T15:42:05.554+02:00"
                    jcr:lastModifiedBy="admin"
                    jcr:primaryType="nt:unstructured"
                    jcr:title="AEM CIF Core Components Product List"
                    sling:resourceType="wcm/core/components/policy/policy"
                    showTitle="true"
                    showImage="true">
                    <jcr:content jcr:primaryType="nt:unstructured"/>
                    <cq:styleGroups jcr:primaryType="nt:unstructured">
                        <item0
                            cq:styleGroupLabel="Layout"
                            jcr:primaryType="nt:unstructured">
                            <cq:styles jcr:primaryType="nt:unstructured">
                                <item0
                                    jcr:primaryType="nt:unstructured"
                                    cq:styleClasses="category__style_grid"
                                    cq:styleId="1570700958199"
                                    cq:styleLabel="Grid" />
                                <item1
                                    jcr:primaryType="nt:unstructured"
                                    cq:styleClasses="category__style_list"
                                    cq:styleId="1570700958900"
                                    cq:styleLabel="List" />
                            </cq:styles>
                        </item0>
                    </cq:styleGroups>
                </default>
            </productlist>
        </commerce>
        <structure jcr:primaryType="nt:unstructured">
            <page jcr:primaryType="nt:unstructured">
                <policy_1563867489589
                    jcr:lastModified="{Date}2019-07-23T09:43:09.251+02:00"
                    jcr:lastModifiedBy="admin"
                    jcr:primaryType="nt:unstructured"
                    jcr:title="Acme Store Page Policy"
                    sling:resourceType="wcm/core/components/policy/policy"
                    clientlibs="[wcm.foundation.components.page.responsive,acme.theme,core.cif.components.react]">
                    <jcr:content jcr:primaryType="nt:unstructured"/>
                </policy_1563867489589>
            </page>
            <catalogpage jcr:primaryType="nt:unstructured">
                <policy_1563867800557
                    jcr:lastModified="{Date}2019-07-23T09:43:35.546+02:00"
                    jcr:lastModifiedBy="admin"
                    jcr:primaryType="nt:unstructured"
                    jcr:title="Acme Store Catalogpage Policy"
                    sling:resourceType="wcm/core/components/policy/policy"
                    clientlibs="[wcm.foundation.components.page.responsive,acme.theme,core.cif.components.react]">
                    <jcr:content jcr:primaryType="nt:unstructured"/>
                </policy_1563867800557>
            </catalogpage>
        </structure>
    </components>
</jcr:root>